id,first_name,last_name,email,gender,ip_address
1,Trevar,McCumskay,tmccumskay0@infoseek.co.jp,Male,7.54.186.193
2,Adam,Wakeling,awakeling1@google.es,Male,28.211.147.16
3,Genvieve,Becaris,gbecaris2@unicef.org,Female,183.139.221.214
4,Nickie,Jobbing,njobbing3@redcross.org,Female,248.43.79.78
5,Horatio,Michael,hmichael4@clickbank.net,Male,151.174.77.181
6,Sheeree,Fearnyough,sfearnyough5@joomla.org,Female,203.158.246.111
7,Kelcie,Gercken,kgercken6@live.com,Female,39.163.243.216
8,Elene,Mulran,emulran7@cnet.com,Female,12.159.134.124
9,Bess,MacGinney,bmacginney8@netvibes.com,Female,80.115.230.28
10,Kalinda,Agastina,kagastina9@sfgate.com,Female,87.69.238.61
